팀,구분,1982,1983,1984,1985,1986,1987,1988,1989,1990,1991,1992,1993,1994,1995,1996,1997,1998,1999,2000,2001,2002,2003,2004,2005,2006,2007,2008,2009,2010,2011,2012,2013,2014,2015,2016,2017,2018,2019,2020
두산,타율,0.283,0.259,0.257,0.262,0.249,0.261,0.258,0.247,0.24,0.25,0.259,0.258,0.246,0.266,0.242,0.254,0.256,0.284,0.289,0.276,0.268,0.276,0.268,0.27,0.258,0.263,0.276,0.281,0.281,0.271,0.262,0.289,0.293,0.29,0.298,0.294,0.393,0.278,0.293
,출루율,0.349,0.324,0.334,0.332,0.319,0.328,0.33,0.319,0.396,0.322,0.332,0.328,0.313,0.326,0.345,0.324,0.317,0.355,0.359,0.359,0.336,0.346,0.342,0.355,0.328,0.343,0.354,0.362,0.365,0.354,0.322,0.374,0.367,0.37,0.378,0.37,0.376,0.356,0.365
,장타력,0.412,0.362,0.36,0.37,0.331,0.345,0.349,0.335,0.33,0.352,0.393,0.36,0.348,0.399,0.355,0.361,0.383,0.438,0.445,0.429,0.396,0.39,0.386,0.365,0.347,0.383,0.378,0.42,0.446,0.388,0.352,0.42,0.431,0.435,0.473,0.459,0.486,0.389,0.427
,OPS,0.762,0.687,0.693,0.757,0.653,0.669,0.67,0.653,0.639,0.672,0.725,0.688,0.662,0.725,0.66,0.685,0.7,0.793,0.8,0.783,0.726,0.736,0.723,0.715,0.676,0.726,0.732,0.781,0.852,0.742,0.673,0.793,0.797,0.844,0.86,0.828,0.862,0.745,0.792
롯데,타율,0.256,0.244,0.257,0.256,0.248,0.268,0.273,0.247,0.245,0.26,0.288,0.248,0.257,0.255,0.274,0.237,0.255,0.291,0.263,0.28,0.245,0.256,0.252,0.253,0.25,0.27,0.282,0.277,0.288,0.288,0.263,0.267,0.287,0.282,0.288,0.285,0.289,0.253,0.276
,출루율,0.344,0.314,0.339,0.327,0.316,0.343,0.339,0.337,0.331,0.339,0.366,0.32,0.323,0.333,0.342,0.353,0.329,0.363,0.334,0.365,0.354,0.317,0.327,0.322,0.327,0.343,0.356,0.35,0.352,0.358,0.326,0.345,0.369,0.356,0.372,0.356,0.357,0.316,0.353
,장타력,0.373,0.366,0.377,0.377,0.333,0.36,0.377,0.327,0.335,0.378,0.417,0.328,0.357,0.364,0.393,0.346,0.386,0.469,0.385,0.425,0.355,0.366,0.364,0.372,0.357,0.377,0.447,0.423,0.465,0.422,0.364,0.362,0.436,0.446,0.422,0.433,0.48,0.358,0.408
,OPS,0.717,0.679,0.78,0.744,0.649,0.726,0.716,0.664,0.666,0.717,0.782,0.647,0.682,0.696,0.733,0.654,0.791,0.824,0.719,0.798,0.668,0.682,0.699,0.694,0.684,0.717,0.762,0.773,0.813,0.789,0.69,0.752,0.848,0.816,0.793,0.789,0.827,0.674,0.761
삼성,타율,0.266,0.263,0.27,0.276,0.276,0.319,0.278,0.272,0.263,0.272,0.265,0.268,0.26,0.25,0.249,0.277,0.268,0.273,0.269,0.277,0.284,0.284,0.269,0.268,0.255,0.254,0.258,0.275,0.273,0.259,0.272,0.283,0.313,0.319,0.293,0.279,0.288,0.256,0.268
,출루율,0.347,0.333,0.343,0.355,0.345,0.367,0.356,0.346,0.348,0.357,0.349,0.344,0.339,0.324,0.328,0.356,0.346,0.352,0.348,0.363,0.36,0.362,0.346,0.357,0.341,0.349,0.344,0.364,0.368,0.343,0.353,0.359,0.378,0.378,0.367,0.34,0.355,0.329,0.338
,장타력,0.392,0.393,0.396,0.417,0.398,0.444,0.399,0.397,0.411,0.446,0.435,0.476,0.386,0.374,0.37,0.462,0.428,0.46,0.447,0.447,0.472,0.482,0.411,0.391,0.36,0.365,0.376,0.432,0.46,0.376,0.389,0.416,0.473,0.469,0.439,0.429,0.432,0.389,0.394
,OPS,0.739,0.726,0.739,0.772,0.744,0.812,0.75,0.737,0.752,0.761,0.752,0.752,0.726,0.699,0.697,0.819,0.773,0.812,0.795,0.877,0.831,0.842,0.757,0.749,0.783,0.762,0.723,0.796,0.774,0.719,0.742,0.776,0.852,0.847,0.858,0.768,0.788,0.718,0.732
쌍방울,타율,,,,,,,,,,0.253,0.249,0.225,0.248,0.254,0.264,0.269,0.261,0.248,,,,,,,,,,,,,,,,,,,,,
,출루율,,,,,,,,,,0.337,0.341,0.301,0.316,0.32,0.34,0.351,0.334,0.319,,,,,,,,,,,,,,,,,,,,,
,장타력,,,,,,,,,,0.379,0.37,0.301,0.359,0.364,0.369,0.414,0.391,0.358,,,,,,,,,,,,,,,,,,,,,
,OPS,,,,,,,,,,0.717,0.711,0.603,0.675,0.683,0.709,0.766,0.725,0.678,,,,,,,,,,,,,,,,,,,,,
키움,타율,,,,,,,,,,,,,,,,,,,,,,,,,,,0.266,0.272,0.262,0.245,0.243,0.272,0.298,0.298,0.293,0.291,0.289,0.282,0.269
,출루율,,,,,,,,,,,,,,,,,,,,,,,,,,,0.338,0.356,0.34,0.323,0.325,0.358,0.382,0.372,0.368,0.357,0.355,0.354,0.355
,장타력,,,,,,,,,,,,,,,,,,,,,,,,,,,0.368,0.434,0.374,0.353,0.374,0.413,0.592,0.486,0.445,0.437,0.448,0.414,0.408
,OPS,,,,,,,,,,,,,,,,,,,,,,,,,,,0.698,0.789,0.714,0.676,0.696,0.771,0.899,0.858,0.88,0.794,0.823,0.768,0.763
한화,타율,,,,,0.236,0.274,0.266,0.276,0.275,0.274,0.267,0.238,0.247,0.249,0.245,0.253,0.254,0.284,0.277,0.275,0.256,0.254,0.268,0.272,0.253,0.254,0.254,0.269,0.244,0.255,0.249,0.259,0.283,0.271,0.289,0.287,0.275,0.256,0.245
,출루율,,,,,0.323,0.342,0.334,0.346,0.355,0.353,0.352,0.317,0.324,0.323,0.328,0.325,0.316,0.353,0.347,0.357,0.329,0.343,0.344,0.345,0.331,0.342,0.333,0.348,0.336,0.338,0.338,0.343,0.359,0.36,0.362,0.355,0.348,0.324,0.32
,장타력,,,,,0.325,0.368,0.387,0.411,0.42,0.434,0.435,0.347,0.346,0.38,0.372,0.381,0.392,0.484,0.457,0.426,0.42,0.393,0.423,0.434,0.38,0.376,0.395,0.426,0.359,0.362,0.351,0.348,0.415,0.445,0.436,0.435,0.422,0.362,0.338
,OPS,,,,,0.647,0.797,0.725,0.757,0.766,0.787,0.782,0.664,0.669,0.726,0.699,0.765,0.784,0.838,0.832,0.782,0.748,0.736,0.763,0.775,0.711,0.718,0.728,0.774,0.69,0.699,0.69,0.693,0.775,0.764,0.792,0.785,0.763,0.686,0.658
KIA,타율,0.261,0.268,0.248,0.272,0.259,0.252,0.283,0.255,0.27,0.259,0.272,0.252,0.271,0.242,0.245,0.258,0.258,0.278,0.253,0.279,0.269,0.272,0.268,0.263,0.255,0.257,0.27,0.267,0.26,0.269,0.256,0.265,0.288,0.256,0.286,0.322,0.295,0.264,0.274
,출루율,0.328,0.332,0.317,0.337,0.326,0.321,0.357,0.339,0.352,0.35,0.365,0.332,0.328,0.394,0.329,0.348,0.325,0.362,0.333,0.353,0.344,0.349,0.354,0.337,0.325,0.333,0.336,0.357,0.347,0.357,0.343,0.349,0.355,0.326,0.358,0.372,0.367,0.336,0.351
,장타력,0.475,0.385,0.365,0.423,0.393,0.36,0.423,0.364,0.392,0.418,0.425,0.368,0.388,0.345,0.366,0.478,0.376,0.467,0.363,0.429,0.417,0.416,0.419,0.38,0.356,0.364,0.352,0.427,0.383,0.395,0.348,0.373,0.438,0.392,0.452,0.469,0.457,0.369,0.404
,OPS,0.736,0.717,0.682,0.739,0.715,0.688,0.774,0.729,0.744,0.768,0.789,0.698,0.715,0.654,0.695,0.748,0.712,0.829,0.696,0.781,0.747,0.766,0.774,0.717,0.689,0.695,0.689,0.785,0.73,0.752,0.693,0.722,0.792,0.718,0.898,0.84,0.824,0.756,0.755
KT,타율,,,,,,,,,,,,,,,,,,,,,,,,,,,,,,,,,,0.273,0.276,0.276,0.275,0.277,0.284
,출루율,,,,,,,,,,,,,,,,,,,,,,,,,,,,,,,,,,0.345,0.345,0.332,0.342,0.344,0.358
,장타력,,,,,,,,,,,,,,,,,,,,,,,,,,,,,,,,,,0.423,0.394,0.413,0.456,0.385,0.436
,OPS,,,,,,,,,,,,,,,,,,,,,,,,,,,,,,,,,,0.748,0.738,0.742,0.796,0.728,0.794
LG,타율,0.282,0.256,0.253,0.246,0.265,0.258,0.265,0.252,0.276,0.244,0.257,0.256,0.282,0.257,0.246,0.267,0.267,0.281,0.273,0.276,0.261,0.249,0.259,0.267,0.246,0.268,0.256,0.278,0.276,0.266,0.269,0.282,0.279,0.269,0.29,0.281,0.293,0.267,0.277
,출루율,0.354,0.323,0.322,0.313,0.329,0.32,0.325,0.335,0.352,0.317,0.335,0.323,0.358,0.334,0.33,0.343,0.339,0.35,0.356,0.363,0.332,0.319,0.337,0.327,0.364,0.338,0.326,0.36,0.349,0.338,0.332,0.355,0.367,0.34,0.361,0.348,0.353,0.333,0.349
,장타력,0.495,0.354,0.355,0.322,0.353,0.342,0.346,0.338,0.375,0.348,0.384,0.367,0.491,0.373,0.364,0.394,0.411,0.442,0.414,0.391,0.385,0.378,0.38,0.389,0.354,0.374,0.353,0.413,0.415,0.377,0.354,0.386,0.432,0.399,0.417,0.4,0.445,0.378,0.428
,OPS,0.764,0.677,0.677,0.635,0.683,0.662,0.67,0.673,0.726,0.658,0.715,0.689,0.767,0.756,0.694,0.737,0.744,0.792,0.78,0.754,0.717,0.698,0.716,0.717,0.665,0.713,0.674,0.773,0.759,0.716,0.687,0.741,0.761,0.738,0.779,0.748,0.797,0.717,0.777
NC,타율,,,,,,,,,,,,,,,,,,,,,,,,,,,,,,,,0.244,0.282,0.289,0.3,0.293,0.261,0.278,0.291
,출루율,,,,,,,,,,,,,,,,,,,,,,,,,,,,,,,,0.324,0.353,0.367,0.375,0.365,0.329,0.345,0.366
,장타력,,,,,,,,,,,,,,,,,,,,,,,,,,,,,,,,0.365,0.447,0.455,0.45,0.443,0.449,0.416,0.462
,OPS,,,,,,,,,,,,,,,,,,,,,,,,,,,,,,,,0.685,0.8,0.822,0.824,0.887,0.733,0.762,0.828
SK,타율,,,,,,,,,,,,,,,,,,,0.26,0.26,0.27,0.272,0.272,0.269,0.254,0.264,0.283,0.285,0.274,0.263,0.258,0.266,0.295,0.272,0.291,0.271,0.281,0.262,0.25
,출루율,,,,,,,,,,,,,,,,,,,0.332,0.337,0.339,0.36,0.357,0.355,0.329,0.341,0.366,0.369,0.355,0.344,0.333,0.346,0.361,0.349,0.356,0.35,0.356,0.334,0.329
,장타력,,,,,,,,,,,,,,,,,,,0.383,0.397,0.433,0.431,0.411,0.426,0.375,0.427,0.44,0.453,0.412,0.385,0.384,0.456,0.434,0.498,0.454,0.465,0.473,0.384,0.383
,OPS,,,,,,,,,,,,,,,,,,,0.716,0.728,0.772,0.781,0.768,0.757,0.738,0.744,0.765,0.822,0.768,0.726,0.717,0.752,0.795,0.759,0.815,0.868,0.829,0.718,0.712
