팀,구분,연도,기록
두산,타율,1982,0.283
두산,타율,1983,0.259
두산,타율,1984,0.257
두산,타율,1985,0.262
두산,타율,1986,0.249
두산,타율,1987,0.261
두산,타율,1988,0.258
두산,타율,1989,0.247
두산,타율,1990,0.24
두산,타율,1991,0.25
두산,타율,1992,0.259
두산,타율,1993,0.258
두산,타율,1994,0.246
두산,타율,1995,0.266
두산,타율,1996,0.242
두산,타율,1997,0.254
두산,타율,1998,0.256
두산,타율,1999,0.284
두산,타율,2000,0.289
두산,타율,2001,0.276
두산,타율,2002,0.268
두산,타율,2003,0.276
두산,타율,2004,0.268
두산,타율,2005,0.27
두산,타율,2006,0.258
두산,타율,2007,0.263
두산,타율,2008,0.276
두산,타율,2009,0.281
두산,타율,2010,0.281
두산,타율,2011,0.271
두산,타율,2012,0.262
두산,타율,2013,0.289
두산,타율,2014,0.293
두산,타율,2015,0.29
두산,타율,2016,0.298
두산,타율,2017,0.294
두산,타율,2018,0.393
두산,타율,2019,0.278
두산,타율,2020,0.293
롯데,출루율,1982,0.349
롯데,출루율,1983,0.324
롯데,출루율,1984,0.334
롯데,출루율,1985,0.332
롯데,출루율,1986,0.319
롯데,출루율,1987,0.328
롯데,출루율,1988,0.33
롯데,출루율,1989,0.319
롯데,출루율,1990,0.396
롯데,출루율,1991,0.322
롯데,출루율,1992,0.332
롯데,출루율,1993,0.328
롯데,출루율,1994,0.313
롯데,출루율,1995,0.326
롯데,출루율,1996,0.345
롯데,출루율,1997,0.324
롯데,출루율,1998,0.317
롯데,출루율,1999,0.355
롯데,출루율,2000,0.359
롯데,출루율,2001,0.359
롯데,출루율,2002,0.336
롯데,출루율,2003,0.346
롯데,출루율,2004,0.342
롯데,출루율,2005,0.355
롯데,출루율,2006,0.328
롯데,출루율,2007,0.343
롯데,출루율,2008,0.354
롯데,출루율,2009,0.362
롯데,출루율,2010,0.365
롯데,출루율,2011,0.354
롯데,출루율,2012,0.322
롯데,출루율,2013,0.374
롯데,출루율,2014,0.367
롯데,출루율,2015,0.37
롯데,출루율,2016,0.378
롯데,출루율,2017,0.37
롯데,출루율,2018,0.376
롯데,출루율,2019,0.356
롯데,출루율,2020,0.365
롯데,장타력,1982,0.412
롯데,장타력,1983,0.362
롯데,장타력,1984,0.36
롯데,장타력,1985,0.37
롯데,장타력,1986,0.331
롯데,장타력,1987,0.345
롯데,장타력,1988,0.349
롯데,장타력,1989,0.335
롯데,장타력,1990,0.33
롯데,장타력,1991,0.352
롯데,장타력,1992,0.393
롯데,장타력,1993,0.36
롯데,장타력,1994,0.348
롯데,장타력,1995,0.399
롯데,장타력,1996,0.355
롯데,장타력,1997,0.361
롯데,장타력,1998,0.383
롯데,장타력,1999,0.438
롯데,장타력,2000,0.445
롯데,장타력,2001,0.429
롯데,장타력,2002,0.396
롯데,장타력,2003,0.39
롯데,장타력,2004,0.386
롯데,장타력,2005,0.365
롯데,장타력,2006,0.347
롯데,장타력,2007,0.383
롯데,장타력,2008,0.378
롯데,장타력,2009,0.42
롯데,장타력,2010,0.446
롯데,장타력,2011,0.388
롯데,장타력,2012,0.352
롯데,장타력,2013,0.42
롯데,장타력,2014,0.431
롯데,장타력,2015,0.435
롯데,장타력,2016,0.473
롯데,장타력,2017,0.459
롯데,장타력,2018,0.486
롯데,장타력,2019,0.389
롯데,장타력,2020,0.427
롯데,OPS,1982,0.762
롯데,OPS,1983,0.687
롯데,OPS,1984,0.693
롯데,OPS,1985,0.757
롯데,OPS,1986,0.653
롯데,OPS,1987,0.669
롯데,OPS,1988,0.67
롯데,OPS,1989,0.653
롯데,OPS,1990,0.639
롯데,OPS,1991,0.672
롯데,OPS,1992,0.725
롯데,OPS,1993,0.688
롯데,OPS,1994,0.662
롯데,OPS,1995,0.725
롯데,OPS,1996,0.66
롯데,OPS,1997,0.685
롯데,OPS,1998,0.7
롯데,OPS,1999,0.793
롯데,OPS,2000,0.8
롯데,OPS,2001,0.783
롯데,OPS,2002,0.726
롯데,OPS,2003,0.736
롯데,OPS,2004,0.723
롯데,OPS,2005,0.715
롯데,OPS,2006,0.676
롯데,OPS,2007,0.726
롯데,OPS,2008,0.732
롯데,OPS,2009,0.781
롯데,OPS,2010,0.852
롯데,OPS,2011,0.742
롯데,OPS,2012,0.673
롯데,OPS,2013,0.793
롯데,OPS,2014,0.797
롯데,OPS,2015,0.844
롯데,OPS,2016,0.86
롯데,OPS,2017,0.828
롯데,OPS,2018,0.862
롯데,OPS,2019,0.745
롯데,OPS,2020,0.792
롯데,타율,1982,0.256
롯데,타율,1983,0.244
롯데,타율,1984,0.257
롯데,타율,1985,0.256
롯데,타율,1986,0.248
롯데,타율,1987,0.268
롯데,타율,1988,0.273
롯데,타율,1989,0.247
롯데,타율,1990,0.245
롯데,타율,1991,0.26
롯데,타율,1992,0.288
롯데,타율,1993,0.248
롯데,타율,1994,0.257
롯데,타율,1995,0.255
롯데,타율,1996,0.274
롯데,타율,1997,0.237
롯데,타율,1998,0.255
롯데,타율,1999,0.291
롯데,타율,2000,0.263
롯데,타율,2001,0.28
롯데,타율,2002,0.245
롯데,타율,2003,0.256
롯데,타율,2004,0.252
롯데,타율,2005,0.253
롯데,타율,2006,0.25
롯데,타율,2007,0.27
롯데,타율,2008,0.282
롯데,타율,2009,0.277
롯데,타율,2010,0.288
롯데,타율,2011,0.288
롯데,타율,2012,0.263
롯데,타율,2013,0.267
롯데,타율,2014,0.287
롯데,타율,2015,0.282
롯데,타율,2016,0.288
롯데,타율,2017,0.285
롯데,타율,2018,0.289
롯데,타율,2019,0.253
롯데,타율,2020,0.276
삼성,출루율,1982,0.344
삼성,출루율,1983,0.314
삼성,출루율,1984,0.339
삼성,출루율,1985,0.327
삼성,출루율,1986,0.316
삼성,출루율,1987,0.343
삼성,출루율,1988,0.339
삼성,출루율,1989,0.337
삼성,출루율,1990,0.331
삼성,출루율,1991,0.339
삼성,출루율,1992,0.366
삼성,출루율,1993,0.32
삼성,출루율,1994,0.323
삼성,출루율,1995,0.333
삼성,출루율,1996,0.342
삼성,출루율,1997,0.353
삼성,출루율,1998,0.329
삼성,출루율,1999,0.363
삼성,출루율,2000,0.334
삼성,출루율,2001,0.365
삼성,출루율,2002,0.354
삼성,출루율,2003,0.317
삼성,출루율,2004,0.327
삼성,출루율,2005,0.322
삼성,출루율,2006,0.327
삼성,출루율,2007,0.343
삼성,출루율,2008,0.356
삼성,출루율,2009,0.35
삼성,출루율,2010,0.352
삼성,출루율,2011,0.358
삼성,출루율,2012,0.326
삼성,출루율,2013,0.345
삼성,출루율,2014,0.369
삼성,출루율,2015,0.356
삼성,출루율,2016,0.372
삼성,출루율,2017,0.356
삼성,출루율,2018,0.357
삼성,출루율,2019,0.316
삼성,출루율,2020,0.353
삼성,장타력,1982,0.373
삼성,장타력,1983,0.366
삼성,장타력,1984,0.377
삼성,장타력,1985,0.377
삼성,장타력,1986,0.333
삼성,장타력,1987,0.36
삼성,장타력,1988,0.377
삼성,장타력,1989,0.327
삼성,장타력,1990,0.335
삼성,장타력,1991,0.378
삼성,장타력,1992,0.417
삼성,장타력,1993,0.328
삼성,장타력,1994,0.357
삼성,장타력,1995,0.364
삼성,장타력,1996,0.393
삼성,장타력,1997,0.346
삼성,장타력,1998,0.386
삼성,장타력,1999,0.469
삼성,장타력,2000,0.385
삼성,장타력,2001,0.425
삼성,장타력,2002,0.355
삼성,장타력,2003,0.366
삼성,장타력,2004,0.364
삼성,장타력,2005,0.372
삼성,장타력,2006,0.357
삼성,장타력,2007,0.377
삼성,장타력,2008,0.447
삼성,장타력,2009,0.423
삼성,장타력,2010,0.465
삼성,장타력,2011,0.422
삼성,장타력,2012,0.364
삼성,장타력,2013,0.362
삼성,장타력,2014,0.436
삼성,장타력,2015,0.446
삼성,장타력,2016,0.422
삼성,장타력,2017,0.433
삼성,장타력,2018,0.48
삼성,장타력,2019,0.358
삼성,장타력,2020,0.408
삼성,OPS,1982,0.717
삼성,OPS,1983,0.679
삼성,OPS,1984,0.78
삼성,OPS,1985,0.744
삼성,OPS,1986,0.649
삼성,OPS,1987,0.726
삼성,OPS,1988,0.716
삼성,OPS,1989,0.664
삼성,OPS,1990,0.666
삼성,OPS,1991,0.717
삼성,OPS,1992,0.782
삼성,OPS,1993,0.647
삼성,OPS,1994,0.682
삼성,OPS,1995,0.696
삼성,OPS,1996,0.733
삼성,OPS,1997,0.654
삼성,OPS,1998,0.791
삼성,OPS,1999,0.824
삼성,OPS,2000,0.719
삼성,OPS,2001,0.798
삼성,OPS,2002,0.668
삼성,OPS,2003,0.682
삼성,OPS,2004,0.699
삼성,OPS,2005,0.694
삼성,OPS,2006,0.684
삼성,OPS,2007,0.717
삼성,OPS,2008,0.762
삼성,OPS,2009,0.773
삼성,OPS,2010,0.813
삼성,OPS,2011,0.789
삼성,OPS,2012,0.69
삼성,OPS,2013,0.752
삼성,OPS,2014,0.848
삼성,OPS,2015,0.816
삼성,OPS,2016,0.793
삼성,OPS,2017,0.789
삼성,OPS,2018,0.827
삼성,OPS,2019,0.674
삼성,OPS,2020,0.761
삼성,타율,1982,0.266
삼성,타율,1983,0.263
삼성,타율,1984,0.27
삼성,타율,1985,0.276
삼성,타율,1986,0.276
삼성,타율,1987,0.319
삼성,타율,1988,0.278
삼성,타율,1989,0.272
삼성,타율,1990,0.263
삼성,타율,1991,0.272
삼성,타율,1992,0.265
삼성,타율,1993,0.268
삼성,타율,1994,0.26
삼성,타율,1995,0.25
삼성,타율,1996,0.249
삼성,타율,1997,0.277
삼성,타율,1998,0.268
삼성,타율,1999,0.273
삼성,타율,2000,0.269
삼성,타율,2001,0.277
삼성,타율,2002,0.284
삼성,타율,2003,0.284
삼성,타율,2004,0.269
삼성,타율,2005,0.268
삼성,타율,2006,0.255
삼성,타율,2007,0.254
삼성,타율,2008,0.258
삼성,타율,2009,0.275
삼성,타율,2010,0.273
삼성,타율,2011,0.259
삼성,타율,2012,0.272
삼성,타율,2013,0.283
삼성,타율,2014,0.313
삼성,타율,2015,0.319
삼성,타율,2016,0.293
삼성,타율,2017,0.279
삼성,타율,2018,0.288
삼성,타율,2019,0.256
삼성,타율,2020,0.268
쌍방울,출루율,1982,0.347
쌍방울,출루율,1983,0.333
쌍방울,출루율,1984,0.343
쌍방울,출루율,1985,0.355
쌍방울,출루율,1986,0.345
쌍방울,출루율,1987,0.367
쌍방울,출루율,1988,0.356
쌍방울,출루율,1989,0.346
쌍방울,출루율,1990,0.348
쌍방울,출루율,1991,0.357
쌍방울,출루율,1992,0.349
쌍방울,출루율,1993,0.344
쌍방울,출루율,1994,0.339
쌍방울,출루율,1995,0.324
쌍방울,출루율,1996,0.328
쌍방울,출루율,1997,0.356
쌍방울,출루율,1998,0.346
쌍방울,출루율,1999,0.352
쌍방울,출루율,2000,0.348
쌍방울,출루율,2001,0.363
쌍방울,출루율,2002,0.36
쌍방울,출루율,2003,0.362
쌍방울,출루율,2004,0.346
쌍방울,출루율,2005,0.357
쌍방울,출루율,2006,0.341
쌍방울,출루율,2007,0.349
쌍방울,출루율,2008,0.344
쌍방울,출루율,2009,0.364
쌍방울,출루율,2010,0.368
쌍방울,출루율,2011,0.343
쌍방울,출루율,2012,0.353
쌍방울,출루율,2013,0.359
쌍방울,출루율,2014,0.378
쌍방울,출루율,2015,0.378
쌍방울,출루율,2016,0.367
쌍방울,출루율,2017,0.34
쌍방울,출루율,2018,0.355
쌍방울,출루율,2019,0.329
쌍방울,출루율,2020,0.338
쌍방울,장타력,1982,0.392
쌍방울,장타력,1983,0.393
쌍방울,장타력,1984,0.396
쌍방울,장타력,1985,0.417
쌍방울,장타력,1986,0.398
쌍방울,장타력,1987,0.444
쌍방울,장타력,1988,0.399
쌍방울,장타력,1989,0.397
쌍방울,장타력,1990,0.411
쌍방울,장타력,1991,0.446
쌍방울,장타력,1992,0.435
쌍방울,장타력,1993,0.476
쌍방울,장타력,1994,0.386
쌍방울,장타력,1995,0.374
쌍방울,장타력,1996,0.37
쌍방울,장타력,1997,0.462
쌍방울,장타력,1998,0.428
쌍방울,장타력,1999,0.46
쌍방울,장타력,2000,0.447
쌍방울,장타력,2001,0.447
쌍방울,장타력,2002,0.472
쌍방울,장타력,2003,0.482
쌍방울,장타력,2004,0.411
쌍방울,장타력,2005,0.391
쌍방울,장타력,2006,0.36
쌍방울,장타력,2007,0.365
쌍방울,장타력,2008,0.376
쌍방울,장타력,2009,0.432
쌍방울,장타력,2010,0.46
쌍방울,장타력,2011,0.376
쌍방울,장타력,2012,0.389
쌍방울,장타력,2013,0.416
쌍방울,장타력,2014,0.473
쌍방울,장타력,2015,0.469
쌍방울,장타력,2016,0.439
쌍방울,장타력,2017,0.429
쌍방울,장타력,2018,0.432
쌍방울,장타력,2019,0.389
쌍방울,장타력,2020,0.394
쌍방울,OPS,1982,0.739
쌍방울,OPS,1983,0.726
쌍방울,OPS,1984,0.739
쌍방울,OPS,1985,0.772
쌍방울,OPS,1986,0.744
쌍방울,OPS,1987,0.812
쌍방울,OPS,1988,0.75
쌍방울,OPS,1989,0.737
쌍방울,OPS,1990,0.752
쌍방울,OPS,1991,0.761
쌍방울,OPS,1992,0.752
쌍방울,OPS,1993,0.752
쌍방울,OPS,1994,0.726
쌍방울,OPS,1995,0.699
쌍방울,OPS,1996,0.697
쌍방울,OPS,1997,0.819
쌍방울,OPS,1998,0.773
쌍방울,OPS,1999,0.812
쌍방울,OPS,2000,0.795
쌍방울,OPS,2001,0.877
쌍방울,OPS,2002,0.831
쌍방울,OPS,2003,0.842
쌍방울,OPS,2004,0.757
쌍방울,OPS,2005,0.749
쌍방울,OPS,2006,0.783
쌍방울,OPS,2007,0.762
쌍방울,OPS,2008,0.723
쌍방울,OPS,2009,0.796
쌍방울,OPS,2010,0.774
쌍방울,OPS,2011,0.719
쌍방울,OPS,2012,0.742
쌍방울,OPS,2013,0.776
쌍방울,OPS,2014,0.852
쌍방울,OPS,2015,0.847
쌍방울,OPS,2016,0.858
쌍방울,OPS,2017,0.768
쌍방울,OPS,2018,0.788
쌍방울,OPS,2019,0.718
쌍방울,OPS,2020,0.732
쌍방울,타율,1982,NA
쌍방울,타율,1983,NA
쌍방울,타율,1984,NA
쌍방울,타율,1985,NA
쌍방울,타율,1986,NA
쌍방울,타율,1987,NA
쌍방울,타율,1988,NA
쌍방울,타율,1989,NA
쌍방울,타율,1990,NA
쌍방울,타율,1991,0.253
쌍방울,타율,1992,0.249
쌍방울,타율,1993,0.225
쌍방울,타율,1994,0.248
쌍방울,타율,1995,0.254
쌍방울,타율,1996,0.264
쌍방울,타율,1997,0.269
쌍방울,타율,1998,0.261
쌍방울,타율,1999,0.248
쌍방울,타율,2000,NA
쌍방울,타율,2001,NA
쌍방울,타율,2002,NA
쌍방울,타율,2003,NA
쌍방울,타율,2004,NA
쌍방울,타율,2005,NA
쌍방울,타율,2006,NA
쌍방울,타율,2007,NA
쌍방울,타율,2008,NA
쌍방울,타율,2009,NA
쌍방울,타율,2010,NA
쌍방울,타율,2011,NA
쌍방울,타율,2012,NA
쌍방울,타율,2013,NA
쌍방울,타율,2014,NA
쌍방울,타율,2015,NA
쌍방울,타율,2016,NA
쌍방울,타율,2017,NA
쌍방울,타율,2018,NA
쌍방울,타율,2019,NA
쌍방울,타율,2020,NA
키움,출루율,1982,NA
키움,출루율,1983,NA
키움,출루율,1984,NA
키움,출루율,1985,NA
키움,출루율,1986,NA
키움,출루율,1987,NA
키움,출루율,1988,NA
키움,출루율,1989,NA
키움,출루율,1990,NA
키움,출루율,1991,0.337
키움,출루율,1992,0.341
키움,출루율,1993,0.301
키움,출루율,1994,0.316
키움,출루율,1995,0.32
키움,출루율,1996,0.34
키움,출루율,1997,0.351
키움,출루율,1998,0.334
키움,출루율,1999,0.319
키움,출루율,2000,NA
키움,출루율,2001,NA
키움,출루율,2002,NA
키움,출루율,2003,NA
키움,출루율,2004,NA
키움,출루율,2005,NA
키움,출루율,2006,NA
키움,출루율,2007,NA
키움,출루율,2008,NA
키움,출루율,2009,NA
키움,출루율,2010,NA
키움,출루율,2011,NA
키움,출루율,2012,NA
키움,출루율,2013,NA
키움,출루율,2014,NA
키움,출루율,2015,NA
키움,출루율,2016,NA
키움,출루율,2017,NA
키움,출루율,2018,NA
키움,출루율,2019,NA
키움,출루율,2020,NA
키움,장타력,1982,NA
키움,장타력,1983,NA
키움,장타력,1984,NA
키움,장타력,1985,NA
키움,장타력,1986,NA
키움,장타력,1987,NA
키움,장타력,1988,NA
키움,장타력,1989,NA
키움,장타력,1990,NA
키움,장타력,1991,0.379
키움,장타력,1992,0.37
키움,장타력,1993,0.301
키움,장타력,1994,0.359
키움,장타력,1995,0.364
키움,장타력,1996,0.369
키움,장타력,1997,0.414
키움,장타력,1998,0.391
키움,장타력,1999,0.358
키움,장타력,2000,NA
키움,장타력,2001,NA
키움,장타력,2002,NA
키움,장타력,2003,NA
키움,장타력,2004,NA
키움,장타력,2005,NA
키움,장타력,2006,NA
키움,장타력,2007,NA
키움,장타력,2008,NA
키움,장타력,2009,NA
키움,장타력,2010,NA
키움,장타력,2011,NA
키움,장타력,2012,NA
키움,장타력,2013,NA
키움,장타력,2014,NA
키움,장타력,2015,NA
키움,장타력,2016,NA
키움,장타력,2017,NA
키움,장타력,2018,NA
키움,장타력,2019,NA
키움,장타력,2020,NA
키움,OPS,1982,NA
키움,OPS,1983,NA
키움,OPS,1984,NA
키움,OPS,1985,NA
키움,OPS,1986,NA
키움,OPS,1987,NA
키움,OPS,1988,NA
키움,OPS,1989,NA
키움,OPS,1990,NA
키움,OPS,1991,0.717
키움,OPS,1992,0.711
키움,OPS,1993,0.603
키움,OPS,1994,0.675
키움,OPS,1995,0.683
키움,OPS,1996,0.709
키움,OPS,1997,0.766
키움,OPS,1998,0.725
키움,OPS,1999,0.678
키움,OPS,2000,NA
키움,OPS,2001,NA
키움,OPS,2002,NA
키움,OPS,2003,NA
키움,OPS,2004,NA
키움,OPS,2005,NA
키움,OPS,2006,NA
키움,OPS,2007,NA
키움,OPS,2008,NA
키움,OPS,2009,NA
키움,OPS,2010,NA
키움,OPS,2011,NA
키움,OPS,2012,NA
키움,OPS,2013,NA
키움,OPS,2014,NA
키움,OPS,2015,NA
키움,OPS,2016,NA
키움,OPS,2017,NA
키움,OPS,2018,NA
키움,OPS,2019,NA
키움,OPS,2020,NA
키움,타율,1982,NA
키움,타율,1983,NA
키움,타율,1984,NA
키움,타율,1985,NA
키움,타율,1986,NA
키움,타율,1987,NA
키움,타율,1988,NA
키움,타율,1989,NA
키움,타율,1990,NA
키움,타율,1991,NA
키움,타율,1992,NA
키움,타율,1993,NA
키움,타율,1994,NA
키움,타율,1995,NA
키움,타율,1996,NA
키움,타율,1997,NA
키움,타율,1998,NA
키움,타율,1999,NA
키움,타율,2000,NA
키움,타율,2001,NA
키움,타율,2002,NA
키움,타율,2003,NA
키움,타율,2004,NA
키움,타율,2005,NA
키움,타율,2006,NA
키움,타율,2007,NA
키움,타율,2008,0.266
키움,타율,2009,0.272
키움,타율,2010,0.262
키움,타율,2011,0.245
키움,타율,2012,0.243
키움,타율,2013,0.272
키움,타율,2014,0.298
키움,타율,2015,0.298
키움,타율,2016,0.293
키움,타율,2017,0.291
키움,타율,2018,0.289
키움,타율,2019,0.282
키움,타율,2020,0.269
한화,출루율,1982,NA
한화,출루율,1983,NA
한화,출루율,1984,NA
한화,출루율,1985,NA
한화,출루율,1986,NA
한화,출루율,1987,NA
한화,출루율,1988,NA
한화,출루율,1989,NA
한화,출루율,1990,NA
한화,출루율,1991,NA
한화,출루율,1992,NA
한화,출루율,1993,NA
한화,출루율,1994,NA
한화,출루율,1995,NA
한화,출루율,1996,NA
한화,출루율,1997,NA
한화,출루율,1998,NA
한화,출루율,1999,NA
한화,출루율,2000,NA
한화,출루율,2001,NA
한화,출루율,2002,NA
한화,출루율,2003,NA
한화,출루율,2004,NA
한화,출루율,2005,NA
한화,출루율,2006,NA
한화,출루율,2007,NA
한화,출루율,2008,0.338
한화,출루율,2009,0.356
한화,출루율,2010,0.34
한화,출루율,2011,0.323
한화,출루율,2012,0.325
한화,출루율,2013,0.358
한화,출루율,2014,0.382
한화,출루율,2015,0.372
한화,출루율,2016,0.368
한화,출루율,2017,0.357
한화,출루율,2018,0.355
한화,출루율,2019,0.354
한화,출루율,2020,0.355
한화,장타력,1982,NA
한화,장타력,1983,NA
한화,장타력,1984,NA
한화,장타력,1985,NA
한화,장타력,1986,NA
한화,장타력,1987,NA
한화,장타력,1988,NA
한화,장타력,1989,NA
한화,장타력,1990,NA
한화,장타력,1991,NA
한화,장타력,1992,NA
한화,장타력,1993,NA
한화,장타력,1994,NA
한화,장타력,1995,NA
한화,장타력,1996,NA
한화,장타력,1997,NA
한화,장타력,1998,NA
한화,장타력,1999,NA
한화,장타력,2000,NA
한화,장타력,2001,NA
한화,장타력,2002,NA
한화,장타력,2003,NA
한화,장타력,2004,NA
한화,장타력,2005,NA
한화,장타력,2006,NA
한화,장타력,2007,NA
한화,장타력,2008,0.368
한화,장타력,2009,0.434
한화,장타력,2010,0.374
한화,장타력,2011,0.353
한화,장타력,2012,0.374
한화,장타력,2013,0.413
한화,장타력,2014,0.592
한화,장타력,2015,0.486
한화,장타력,2016,0.445
한화,장타력,2017,0.437
한화,장타력,2018,0.448
한화,장타력,2019,0.414
한화,장타력,2020,0.408
한화,OPS,1982,NA
한화,OPS,1983,NA
한화,OPS,1984,NA
한화,OPS,1985,NA
한화,OPS,1986,NA
한화,OPS,1987,NA
한화,OPS,1988,NA
한화,OPS,1989,NA
한화,OPS,1990,NA
한화,OPS,1991,NA
한화,OPS,1992,NA
한화,OPS,1993,NA
한화,OPS,1994,NA
한화,OPS,1995,NA
한화,OPS,1996,NA
한화,OPS,1997,NA
한화,OPS,1998,NA
한화,OPS,1999,NA
한화,OPS,2000,NA
한화,OPS,2001,NA
한화,OPS,2002,NA
한화,OPS,2003,NA
한화,OPS,2004,NA
한화,OPS,2005,NA
한화,OPS,2006,NA
한화,OPS,2007,NA
한화,OPS,2008,0.698
한화,OPS,2009,0.789
한화,OPS,2010,0.714
한화,OPS,2011,0.676
한화,OPS,2012,0.696
한화,OPS,2013,0.771
한화,OPS,2014,0.899
한화,OPS,2015,0.858
한화,OPS,2016,0.88
한화,OPS,2017,0.794
한화,OPS,2018,0.823
한화,OPS,2019,0.768
한화,OPS,2020,0.763
한화,타율,1982,NA
한화,타율,1983,NA
한화,타율,1984,NA
한화,타율,1985,NA
한화,타율,1986,0.236
한화,타율,1987,0.274
한화,타율,1988,0.266
한화,타율,1989,0.276
한화,타율,1990,0.275
한화,타율,1991,0.274
한화,타율,1992,0.267
한화,타율,1993,0.238
한화,타율,1994,0.247
한화,타율,1995,0.249
한화,타율,1996,0.245
한화,타율,1997,0.253
한화,타율,1998,0.254
한화,타율,1999,0.284
한화,타율,2000,0.277
한화,타율,2001,0.275
한화,타율,2002,0.256
한화,타율,2003,0.254
한화,타율,2004,0.268
한화,타율,2005,0.272
한화,타율,2006,0.253
한화,타율,2007,0.254
한화,타율,2008,0.254
한화,타율,2009,0.269
한화,타율,2010,0.244
한화,타율,2011,0.255
한화,타율,2012,0.249
한화,타율,2013,0.259
한화,타율,2014,0.283
한화,타율,2015,0.271
한화,타율,2016,0.289
한화,타율,2017,0.287
한화,타율,2018,0.275
한화,타율,2019,0.256
한화,타율,2020,0.245
KIA,출루율,1982,NA
KIA,출루율,1983,NA
KIA,출루율,1984,NA
KIA,출루율,1985,NA
KIA,출루율,1986,0.323
KIA,출루율,1987,0.342
KIA,출루율,1988,0.334
KIA,출루율,1989,0.346
KIA,출루율,1990,0.355
KIA,출루율,1991,0.353
KIA,출루율,1992,0.352
KIA,출루율,1993,0.317
KIA,출루율,1994,0.324
KIA,출루율,1995,0.323
KIA,출루율,1996,0.328
KIA,출루율,1997,0.325
KIA,출루율,1998,0.316
KIA,출루율,1999,0.353
KIA,출루율,2000,0.347
KIA,출루율,2001,0.357
KIA,출루율,2002,0.329
KIA,출루율,2003,0.343
KIA,출루율,2004,0.344
KIA,출루율,2005,0.345
KIA,출루율,2006,0.331
KIA,출루율,2007,0.342
KIA,출루율,2008,0.333
KIA,출루율,2009,0.348
KIA,출루율,2010,0.336
KIA,출루율,2011,0.338
KIA,출루율,2012,0.338
KIA,출루율,2013,0.343
KIA,출루율,2014,0.359
KIA,출루율,2015,0.36
KIA,출루율,2016,0.362
KIA,출루율,2017,0.355
KIA,출루율,2018,0.348
KIA,출루율,2019,0.324
KIA,출루율,2020,0.32
KIA,장타력,1982,NA
KIA,장타력,1983,NA
KIA,장타력,1984,NA
KIA,장타력,1985,NA
KIA,장타력,1986,0.325
KIA,장타력,1987,0.368
KIA,장타력,1988,0.387
KIA,장타력,1989,0.411
KIA,장타력,1990,0.42
KIA,장타력,1991,0.434
KIA,장타력,1992,0.435
KIA,장타력,1993,0.347
KIA,장타력,1994,0.346
KIA,장타력,1995,0.38
KIA,장타력,1996,0.372
KIA,장타력,1997,0.381
KIA,장타력,1998,0.392
KIA,장타력,1999,0.484
KIA,장타력,2000,0.457
KIA,장타력,2001,0.426
KIA,장타력,2002,0.42
KIA,장타력,2003,0.393
KIA,장타력,2004,0.423
KIA,장타력,2005,0.434
KIA,장타력,2006,0.38
KIA,장타력,2007,0.376
KIA,장타력,2008,0.395
KIA,장타력,2009,0.426
KIA,장타력,2010,0.359
KIA,장타력,2011,0.362
KIA,장타력,2012,0.351
KIA,장타력,2013,0.348
KIA,장타력,2014,0.415
KIA,장타력,2015,0.445
KIA,장타력,2016,0.436
KIA,장타력,2017,0.435
KIA,장타력,2018,0.422
KIA,장타력,2019,0.362
KIA,장타력,2020,0.338
KIA,OPS,1982,NA
KIA,OPS,1983,NA
KIA,OPS,1984,NA
KIA,OPS,1985,NA
KIA,OPS,1986,0.647
KIA,OPS,1987,0.797
KIA,OPS,1988,0.725
KIA,OPS,1989,0.757
KIA,OPS,1990,0.766
KIA,OPS,1991,0.787
KIA,OPS,1992,0.782
KIA,OPS,1993,0.664
KIA,OPS,1994,0.669
KIA,OPS,1995,0.726
KIA,OPS,1996,0.699
KIA,OPS,1997,0.765
KIA,OPS,1998,0.784
KIA,OPS,1999,0.838
KIA,OPS,2000,0.832
KIA,OPS,2001,0.782
KIA,OPS,2002,0.748
KIA,OPS,2003,0.736
KIA,OPS,2004,0.763
KIA,OPS,2005,0.775
KIA,OPS,2006,0.711
KIA,OPS,2007,0.718
KIA,OPS,2008,0.728
KIA,OPS,2009,0.774
KIA,OPS,2010,0.69
KIA,OPS,2011,0.699
KIA,OPS,2012,0.69
KIA,OPS,2013,0.693
KIA,OPS,2014,0.775
KIA,OPS,2015,0.764
KIA,OPS,2016,0.792
KIA,OPS,2017,0.785
KIA,OPS,2018,0.763
KIA,OPS,2019,0.686
KIA,OPS,2020,0.658
KIA,타율,1982,0.261
KIA,타율,1983,0.268
KIA,타율,1984,0.248
KIA,타율,1985,0.272
KIA,타율,1986,0.259
KIA,타율,1987,0.252
KIA,타율,1988,0.283
KIA,타율,1989,0.255
KIA,타율,1990,0.27
KIA,타율,1991,0.259
KIA,타율,1992,0.272
KIA,타율,1993,0.252
KIA,타율,1994,0.271
KIA,타율,1995,0.242
KIA,타율,1996,0.245
KIA,타율,1997,0.258
KIA,타율,1998,0.258
KIA,타율,1999,0.278
KIA,타율,2000,0.253
KIA,타율,2001,0.279
KIA,타율,2002,0.269
KIA,타율,2003,0.272
KIA,타율,2004,0.268
KIA,타율,2005,0.263
KIA,타율,2006,0.255
KIA,타율,2007,0.257
KIA,타율,2008,0.27
KIA,타율,2009,0.267
KIA,타율,2010,0.26
KIA,타율,2011,0.269
KIA,타율,2012,0.256
KIA,타율,2013,0.265
KIA,타율,2014,0.288
KIA,타율,2015,0.256
KIA,타율,2016,0.286
KIA,타율,2017,0.322
KIA,타율,2018,0.295
KIA,타율,2019,0.264
KIA,타율,2020,0.274
KT,출루율,1982,0.328
KT,출루율,1983,0.332
KT,출루율,1984,0.317
KT,출루율,1985,0.337
KT,출루율,1986,0.326
KT,출루율,1987,0.321
KT,출루율,1988,0.357
KT,출루율,1989,0.339
KT,출루율,1990,0.352
KT,출루율,1991,0.35
KT,출루율,1992,0.365
KT,출루율,1993,0.332
KT,출루율,1994,0.328
KT,출루율,1995,0.394
KT,출루율,1996,0.329
KT,출루율,1997,0.348
KT,출루율,1998,0.325
KT,출루율,1999,0.362
KT,출루율,2000,0.333
KT,출루율,2001,0.353
KT,출루율,2002,0.344
KT,출루율,2003,0.349
KT,출루율,2004,0.354
KT,출루율,2005,0.337
KT,출루율,2006,0.325
KT,출루율,2007,0.333
KT,출루율,2008,0.336
KT,출루율,2009,0.357
KT,출루율,2010,0.347
KT,출루율,2011,0.357
KT,출루율,2012,0.343
KT,출루율,2013,0.349
KT,출루율,2014,0.355
KT,출루율,2015,0.326
KT,출루율,2016,0.358
KT,출루율,2017,0.372
KT,출루율,2018,0.367
KT,출루율,2019,0.336
KT,출루율,2020,0.351
KT,장타력,1982,0.475
KT,장타력,1983,0.385
KT,장타력,1984,0.365
KT,장타력,1985,0.423
KT,장타력,1986,0.393
KT,장타력,1987,0.36
KT,장타력,1988,0.423
KT,장타력,1989,0.364
KT,장타력,1990,0.392
KT,장타력,1991,0.418
KT,장타력,1992,0.425
KT,장타력,1993,0.368
KT,장타력,1994,0.388
KT,장타력,1995,0.345
KT,장타력,1996,0.366
KT,장타력,1997,0.478
KT,장타력,1998,0.376
KT,장타력,1999,0.467
KT,장타력,2000,0.363
KT,장타력,2001,0.429
KT,장타력,2002,0.417
KT,장타력,2003,0.416
KT,장타력,2004,0.419
KT,장타력,2005,0.38
KT,장타력,2006,0.356
KT,장타력,2007,0.364
KT,장타력,2008,0.352
KT,장타력,2009,0.427
KT,장타력,2010,0.383
KT,장타력,2011,0.395
KT,장타력,2012,0.348
KT,장타력,2013,0.373
KT,장타력,2014,0.438
KT,장타력,2015,0.392
KT,장타력,2016,0.452
KT,장타력,2017,0.469
KT,장타력,2018,0.457
KT,장타력,2019,0.369
KT,장타력,2020,0.404
KT,OPS,1982,0.736
KT,OPS,1983,0.717
KT,OPS,1984,0.682
KT,OPS,1985,0.739
KT,OPS,1986,0.715
KT,OPS,1987,0.688
KT,OPS,1988,0.774
KT,OPS,1989,0.729
KT,OPS,1990,0.744
KT,OPS,1991,0.768
KT,OPS,1992,0.789
KT,OPS,1993,0.698
KT,OPS,1994,0.715
KT,OPS,1995,0.654
KT,OPS,1996,0.695
KT,OPS,1997,0.748
KT,OPS,1998,0.712
KT,OPS,1999,0.829
KT,OPS,2000,0.696
KT,OPS,2001,0.781
KT,OPS,2002,0.747
KT,OPS,2003,0.766
KT,OPS,2004,0.774
KT,OPS,2005,0.717
KT,OPS,2006,0.689
KT,OPS,2007,0.695
KT,OPS,2008,0.689
KT,OPS,2009,0.785
KT,OPS,2010,0.73
KT,OPS,2011,0.752
KT,OPS,2012,0.693
KT,OPS,2013,0.722
KT,OPS,2014,0.792
KT,OPS,2015,0.718
KT,OPS,2016,0.898
KT,OPS,2017,0.84
KT,OPS,2018,0.824
KT,OPS,2019,0.756
KT,OPS,2020,0.755
KT,타율,1982,NA
KT,타율,1983,NA
KT,타율,1984,NA
KT,타율,1985,NA
KT,타율,1986,NA
KT,타율,1987,NA
KT,타율,1988,NA
KT,타율,1989,NA
KT,타율,1990,NA
KT,타율,1991,NA
KT,타율,1992,NA
KT,타율,1993,NA
KT,타율,1994,NA
KT,타율,1995,NA
KT,타율,1996,NA
KT,타율,1997,NA
KT,타율,1998,NA
KT,타율,1999,NA
KT,타율,2000,NA
KT,타율,2001,NA
KT,타율,2002,NA
KT,타율,2003,NA
KT,타율,2004,NA
KT,타율,2005,NA
KT,타율,2006,NA
KT,타율,2007,NA
KT,타율,2008,NA
KT,타율,2009,NA
KT,타율,2010,NA
KT,타율,2011,NA
KT,타율,2012,NA
KT,타율,2013,NA
KT,타율,2014,NA
KT,타율,2015,0.273
KT,타율,2016,0.276
KT,타율,2017,0.276
KT,타율,2018,0.275
KT,타율,2019,0.277
KT,타율,2020,0.284
LG,출루율,1982,NA
LG,출루율,1983,NA
LG,출루율,1984,NA
LG,출루율,1985,NA
LG,출루율,1986,NA
LG,출루율,1987,NA
LG,출루율,1988,NA
LG,출루율,1989,NA
LG,출루율,1990,NA
LG,출루율,1991,NA
LG,출루율,1992,NA
LG,출루율,1993,NA
LG,출루율,1994,NA
LG,출루율,1995,NA
LG,출루율,1996,NA
LG,출루율,1997,NA
LG,출루율,1998,NA
LG,출루율,1999,NA
LG,출루율,2000,NA
LG,출루율,2001,NA
LG,출루율,2002,NA
LG,출루율,2003,NA
LG,출루율,2004,NA
LG,출루율,2005,NA
LG,출루율,2006,NA
LG,출루율,2007,NA
LG,출루율,2008,NA
LG,출루율,2009,NA
LG,출루율,2010,NA
LG,출루율,2011,NA
LG,출루율,2012,NA
LG,출루율,2013,NA
LG,출루율,2014,NA
LG,출루율,2015,0.345
LG,출루율,2016,0.345
LG,출루율,2017,0.332
LG,출루율,2018,0.342
LG,출루율,2019,0.344
LG,출루율,2020,0.358
LG,장타력,1982,NA
LG,장타력,1983,NA
LG,장타력,1984,NA
LG,장타력,1985,NA
LG,장타력,1986,NA
LG,장타력,1987,NA
LG,장타력,1988,NA
LG,장타력,1989,NA
LG,장타력,1990,NA
LG,장타력,1991,NA
LG,장타력,1992,NA
LG,장타력,1993,NA
LG,장타력,1994,NA
LG,장타력,1995,NA
LG,장타력,1996,NA
LG,장타력,1997,NA
LG,장타력,1998,NA
LG,장타력,1999,NA
LG,장타력,2000,NA
LG,장타력,2001,NA
LG,장타력,2002,NA
LG,장타력,2003,NA
LG,장타력,2004,NA
LG,장타력,2005,NA
LG,장타력,2006,NA
LG,장타력,2007,NA
LG,장타력,2008,NA
LG,장타력,2009,NA
LG,장타력,2010,NA
LG,장타력,2011,NA
LG,장타력,2012,NA
LG,장타력,2013,NA
LG,장타력,2014,NA
LG,장타력,2015,0.423
LG,장타력,2016,0.394
LG,장타력,2017,0.413
LG,장타력,2018,0.456
LG,장타력,2019,0.385
LG,장타력,2020,0.436
LG,OPS,1982,NA
LG,OPS,1983,NA
LG,OPS,1984,NA
LG,OPS,1985,NA
LG,OPS,1986,NA
LG,OPS,1987,NA
LG,OPS,1988,NA
LG,OPS,1989,NA
LG,OPS,1990,NA
LG,OPS,1991,NA
LG,OPS,1992,NA
LG,OPS,1993,NA
LG,OPS,1994,NA
LG,OPS,1995,NA
LG,OPS,1996,NA
LG,OPS,1997,NA
LG,OPS,1998,NA
LG,OPS,1999,NA
LG,OPS,2000,NA
LG,OPS,2001,NA
LG,OPS,2002,NA
LG,OPS,2003,NA
LG,OPS,2004,NA
LG,OPS,2005,NA
LG,OPS,2006,NA
LG,OPS,2007,NA
LG,OPS,2008,NA
LG,OPS,2009,NA
LG,OPS,2010,NA
LG,OPS,2011,NA
LG,OPS,2012,NA
LG,OPS,2013,NA
LG,OPS,2014,NA
LG,OPS,2015,0.748
LG,OPS,2016,0.738
LG,OPS,2017,0.742
LG,OPS,2018,0.796
LG,OPS,2019,0.728
LG,OPS,2020,0.794
LG,타율,1982,0.282
LG,타율,1983,0.256
LG,타율,1984,0.253
LG,타율,1985,0.246
LG,타율,1986,0.265
LG,타율,1987,0.258
LG,타율,1988,0.265
LG,타율,1989,0.252
LG,타율,1990,0.276
LG,타율,1991,0.244
LG,타율,1992,0.257
LG,타율,1993,0.256
LG,타율,1994,0.282
LG,타율,1995,0.257
LG,타율,1996,0.246
LG,타율,1997,0.267
LG,타율,1998,0.267
LG,타율,1999,0.281
LG,타율,2000,0.273
LG,타율,2001,0.276
LG,타율,2002,0.261
LG,타율,2003,0.249
LG,타율,2004,0.259
LG,타율,2005,0.267
LG,타율,2006,0.246
LG,타율,2007,0.268
LG,타율,2008,0.256
LG,타율,2009,0.278
LG,타율,2010,0.276
LG,타율,2011,0.266
LG,타율,2012,0.269
LG,타율,2013,0.282
LG,타율,2014,0.279
LG,타율,2015,0.269
LG,타율,2016,0.29
LG,타율,2017,0.281
LG,타율,2018,0.293
LG,타율,2019,0.267
LG,타율,2020,0.277
NC,출루율,1982,0.354
NC,출루율,1983,0.323
NC,출루율,1984,0.322
NC,출루율,1985,0.313
NC,출루율,1986,0.329
NC,출루율,1987,0.32
NC,출루율,1988,0.325
NC,출루율,1989,0.335
NC,출루율,1990,0.352
NC,출루율,1991,0.317
NC,출루율,1992,0.335
NC,출루율,1993,0.323
NC,출루율,1994,0.358
NC,출루율,1995,0.334
NC,출루율,1996,0.33
NC,출루율,1997,0.343
NC,출루율,1998,0.339
NC,출루율,1999,0.35
NC,출루율,2000,0.356
NC,출루율,2001,0.363
NC,출루율,2002,0.332
NC,출루율,2003,0.319
NC,출루율,2004,0.337
NC,출루율,2005,0.327
NC,출루율,2006,0.364
NC,출루율,2007,0.338
NC,출루율,2008,0.326
NC,출루율,2009,0.36
NC,출루율,2010,0.349
NC,출루율,2011,0.338
NC,출루율,2012,0.332
NC,출루율,2013,0.355
NC,출루율,2014,0.367
NC,출루율,2015,0.34
NC,출루율,2016,0.361
NC,출루율,2017,0.348
NC,출루율,2018,0.353
NC,출루율,2019,0.333
NC,출루율,2020,0.349
NC,장타력,1982,0.495
NC,장타력,1983,0.354
NC,장타력,1984,0.355
NC,장타력,1985,0.322
NC,장타력,1986,0.353
NC,장타력,1987,0.342
NC,장타력,1988,0.346
NC,장타력,1989,0.338
NC,장타력,1990,0.375
NC,장타력,1991,0.348
NC,장타력,1992,0.384
NC,장타력,1993,0.367
NC,장타력,1994,0.491
NC,장타력,1995,0.373
NC,장타력,1996,0.364
NC,장타력,1997,0.394
NC,장타력,1998,0.411
NC,장타력,1999,0.442
NC,장타력,2000,0.414
NC,장타력,2001,0.391
NC,장타력,2002,0.385
NC,장타력,2003,0.378
NC,장타력,2004,0.38
NC,장타력,2005,0.389
NC,장타력,2006,0.354
NC,장타력,2007,0.374
NC,장타력,2008,0.353
NC,장타력,2009,0.413
NC,장타력,2010,0.415
NC,장타력,2011,0.377
NC,장타력,2012,0.354
NC,장타력,2013,0.386
NC,장타력,2014,0.432
NC,장타력,2015,0.399
NC,장타력,2016,0.417
NC,장타력,2017,0.4
NC,장타력,2018,0.445
NC,장타력,2019,0.378
NC,장타력,2020,0.428
NC,OPS,1982,0.764
NC,OPS,1983,0.677
NC,OPS,1984,0.677
NC,OPS,1985,0.635
NC,OPS,1986,0.683
NC,OPS,1987,0.662
NC,OPS,1988,0.67
NC,OPS,1989,0.673
NC,OPS,1990,0.726
NC,OPS,1991,0.658
NC,OPS,1992,0.715
NC,OPS,1993,0.689
NC,OPS,1994,0.767
NC,OPS,1995,0.756
NC,OPS,1996,0.694
NC,OPS,1997,0.737
NC,OPS,1998,0.744
NC,OPS,1999,0.792
NC,OPS,2000,0.78
NC,OPS,2001,0.754
NC,OPS,2002,0.717
NC,OPS,2003,0.698
NC,OPS,2004,0.716
NC,OPS,2005,0.717
NC,OPS,2006,0.665
NC,OPS,2007,0.713
NC,OPS,2008,0.674
NC,OPS,2009,0.773
NC,OPS,2010,0.759
NC,OPS,2011,0.716
NC,OPS,2012,0.687
NC,OPS,2013,0.741
NC,OPS,2014,0.761
NC,OPS,2015,0.738
NC,OPS,2016,0.779
NC,OPS,2017,0.748
NC,OPS,2018,0.797
NC,OPS,2019,0.717
NC,OPS,2020,0.777
NC,타율,1982,NA
NC,타율,1983,NA
NC,타율,1984,NA
NC,타율,1985,NA
NC,타율,1986,NA
NC,타율,1987,NA
NC,타율,1988,NA
NC,타율,1989,NA
NC,타율,1990,NA
NC,타율,1991,NA
NC,타율,1992,NA
NC,타율,1993,NA
NC,타율,1994,NA
NC,타율,1995,NA
NC,타율,1996,NA
NC,타율,1997,NA
NC,타율,1998,NA
NC,타율,1999,NA
NC,타율,2000,NA
NC,타율,2001,NA
NC,타율,2002,NA
NC,타율,2003,NA
NC,타율,2004,NA
NC,타율,2005,NA
NC,타율,2006,NA
NC,타율,2007,NA
NC,타율,2008,NA
NC,타율,2009,NA
NC,타율,2010,NA
NC,타율,2011,NA
NC,타율,2012,NA
NC,타율,2013,0.244
NC,타율,2014,0.282
NC,타율,2015,0.289
NC,타율,2016,0.3
NC,타율,2017,0.293
NC,타율,2018,0.261
NC,타율,2019,0.278
NC,타율,2020,0.291
SK,출루율,1982,NA
SK,출루율,1983,NA
SK,출루율,1984,NA
SK,출루율,1985,NA
SK,출루율,1986,NA
SK,출루율,1987,NA
SK,출루율,1988,NA
SK,출루율,1989,NA
SK,출루율,1990,NA
SK,출루율,1991,NA
SK,출루율,1992,NA
SK,출루율,1993,NA
SK,출루율,1994,NA
SK,출루율,1995,NA
SK,출루율,1996,NA
SK,출루율,1997,NA
SK,출루율,1998,NA
SK,출루율,1999,NA
SK,출루율,2000,NA
SK,출루율,2001,NA
SK,출루율,2002,NA
SK,출루율,2003,NA
SK,출루율,2004,NA
SK,출루율,2005,NA
SK,출루율,2006,NA
SK,출루율,2007,NA
SK,출루율,2008,NA
SK,출루율,2009,NA
SK,출루율,2010,NA
SK,출루율,2011,NA
SK,출루율,2012,NA
SK,출루율,2013,0.324
SK,출루율,2014,0.353
SK,출루율,2015,0.367
SK,출루율,2016,0.375
SK,출루율,2017,0.365
SK,출루율,2018,0.329
SK,출루율,2019,0.345
SK,출루율,2020,0.366
SK,장타력,1982,NA
SK,장타력,1983,NA
SK,장타력,1984,NA
SK,장타력,1985,NA
SK,장타력,1986,NA
SK,장타력,1987,NA
SK,장타력,1988,NA
SK,장타력,1989,NA
SK,장타력,1990,NA
SK,장타력,1991,NA
SK,장타력,1992,NA
SK,장타력,1993,NA
SK,장타력,1994,NA
SK,장타력,1995,NA
SK,장타력,1996,NA
SK,장타력,1997,NA
SK,장타력,1998,NA
SK,장타력,1999,NA
SK,장타력,2000,NA
SK,장타력,2001,NA
SK,장타력,2002,NA
SK,장타력,2003,NA
SK,장타력,2004,NA
SK,장타력,2005,NA
SK,장타력,2006,NA
SK,장타력,2007,NA
SK,장타력,2008,NA
SK,장타력,2009,NA
SK,장타력,2010,NA
SK,장타력,2011,NA
SK,장타력,2012,NA
SK,장타력,2013,0.365
SK,장타력,2014,0.447
SK,장타력,2015,0.455
SK,장타력,2016,0.45
SK,장타력,2017,0.443
SK,장타력,2018,0.449
SK,장타력,2019,0.416
SK,장타력,2020,0.462
SK,OPS,1982,NA
SK,OPS,1983,NA
SK,OPS,1984,NA
SK,OPS,1985,NA
SK,OPS,1986,NA
SK,OPS,1987,NA
SK,OPS,1988,NA
SK,OPS,1989,NA
SK,OPS,1990,NA
SK,OPS,1991,NA
SK,OPS,1992,NA
SK,OPS,1993,NA
SK,OPS,1994,NA
SK,OPS,1995,NA
SK,OPS,1996,NA
SK,OPS,1997,NA
SK,OPS,1998,NA
SK,OPS,1999,NA
SK,OPS,2000,NA
SK,OPS,2001,NA
SK,OPS,2002,NA
SK,OPS,2003,NA
SK,OPS,2004,NA
SK,OPS,2005,NA
SK,OPS,2006,NA
SK,OPS,2007,NA
SK,OPS,2008,NA
SK,OPS,2009,NA
SK,OPS,2010,NA
SK,OPS,2011,NA
SK,OPS,2012,NA
SK,OPS,2013,0.685
SK,OPS,2014,0.8
SK,OPS,2015,0.822
SK,OPS,2016,0.824
SK,OPS,2017,0.887
SK,OPS,2018,0.733
SK,OPS,2019,0.762
SK,OPS,2020,0.828
SK,타율,1982,NA
SK,타율,1983,NA
SK,타율,1984,NA
SK,타율,1985,NA
SK,타율,1986,NA
SK,타율,1987,NA
SK,타율,1988,NA
SK,타율,1989,NA
SK,타율,1990,NA
SK,타율,1991,NA
SK,타율,1992,NA
SK,타율,1993,NA
SK,타율,1994,NA
SK,타율,1995,NA
SK,타율,1996,NA
SK,타율,1997,NA
SK,타율,1998,NA
SK,타율,1999,NA
SK,타율,2000,0.26
SK,타율,2001,0.26
SK,타율,2002,0.27
SK,타율,2003,0.272
SK,타율,2004,0.272
SK,타율,2005,0.269
SK,타율,2006,0.254
SK,타율,2007,0.264
SK,타율,2008,0.283
SK,타율,2009,0.285
SK,타율,2010,0.274
SK,타율,2011,0.263
SK,타율,2012,0.258
SK,타율,2013,0.266
SK,타율,2014,0.295
SK,타율,2015,0.272
SK,타율,2016,0.291
SK,타율,2017,0.271
SK,타율,2018,0.281
SK,타율,2019,0.262
SK,타율,2020,0.25
NA,출루율,1982,NA
NA,출루율,1983,NA
NA,출루율,1984,NA
NA,출루율,1985,NA
NA,출루율,1986,NA
NA,출루율,1987,NA
NA,출루율,1988,NA
NA,출루율,1989,NA
NA,출루율,1990,NA
NA,출루율,1991,NA
NA,출루율,1992,NA
NA,출루율,1993,NA
NA,출루율,1994,NA
NA,출루율,1995,NA
NA,출루율,1996,NA
NA,출루율,1997,NA
NA,출루율,1998,NA
NA,출루율,1999,NA
NA,출루율,2000,0.332
NA,출루율,2001,0.337
NA,출루율,2002,0.339
NA,출루율,2003,0.36
NA,출루율,2004,0.357
NA,출루율,2005,0.355
NA,출루율,2006,0.329
NA,출루율,2007,0.341
NA,출루율,2008,0.366
NA,출루율,2009,0.369
NA,출루율,2010,0.355
NA,출루율,2011,0.344
NA,출루율,2012,0.333
NA,출루율,2013,0.346
NA,출루율,2014,0.361
NA,출루율,2015,0.349
NA,출루율,2016,0.356
NA,출루율,2017,0.35
NA,출루율,2018,0.356
NA,출루율,2019,0.334
NA,출루율,2020,0.329
NA,장타력,1982,NA
NA,장타력,1983,NA
NA,장타력,1984,NA
NA,장타력,1985,NA
NA,장타력,1986,NA
NA,장타력,1987,NA
NA,장타력,1988,NA
NA,장타력,1989,NA
NA,장타력,1990,NA
NA,장타력,1991,NA
NA,장타력,1992,NA
NA,장타력,1993,NA
NA,장타력,1994,NA
NA,장타력,1995,NA
NA,장타력,1996,NA
NA,장타력,1997,NA
NA,장타력,1998,NA
NA,장타력,1999,NA
NA,장타력,2000,0.383
NA,장타력,2001,0.397
NA,장타력,2002,0.433
NA,장타력,2003,0.431
NA,장타력,2004,0.411
NA,장타력,2005,0.426
NA,장타력,2006,0.375
NA,장타력,2007,0.427
NA,장타력,2008,0.44
NA,장타력,2009,0.453
NA,장타력,2010,0.412
NA,장타력,2011,0.385
NA,장타력,2012,0.384
NA,장타력,2013,0.456
NA,장타력,2014,0.434
NA,장타력,2015,0.498
NA,장타력,2016,0.454
NA,장타력,2017,0.465
NA,장타력,2018,0.473
NA,장타력,2019,0.384
NA,장타력,2020,0.383
NA,OPS,1982,NA
NA,OPS,1983,NA
NA,OPS,1984,NA
NA,OPS,1985,NA
NA,OPS,1986,NA
NA,OPS,1987,NA
NA,OPS,1988,NA
NA,OPS,1989,NA
NA,OPS,1990,NA
NA,OPS,1991,NA
NA,OPS,1992,NA
NA,OPS,1993,NA
NA,OPS,1994,NA
NA,OPS,1995,NA
NA,OPS,1996,NA
NA,OPS,1997,NA
NA,OPS,1998,NA
NA,OPS,1999,NA
NA,OPS,2000,0.716
NA,OPS,2001,0.728
NA,OPS,2002,0.772
NA,OPS,2003,0.781
NA,OPS,2004,0.768
NA,OPS,2005,0.757
NA,OPS,2006,0.738
NA,OPS,2007,0.744
NA,OPS,2008,0.765
NA,OPS,2009,0.822
NA,OPS,2010,0.768
NA,OPS,2011,0.726
NA,OPS,2012,0.717
NA,OPS,2013,0.752
NA,OPS,2014,0.795
NA,OPS,2015,0.759
NA,OPS,2016,0.815
NA,OPS,2017,0.868
NA,OPS,2018,0.829
NA,OPS,2019,0.718
NA,OPS,2020,0.712
